site|pregunta|publicacion|respuesta_generada
MercadoLibre|Hola! La mascarilla es de 500 ml, es la original? Y tiene algún contacto donde le pueda realizar algunas preguntas|"title: Mascarilla Para El Cabello Karseell Collagen 500ml Argan. sold_quantity: 3. Marca: Generic. Color: Red. Profundidad: 1 cm. Código universal de producto: 7505584960137. Es kit: No. Condición del ítem: Nuevo. Largo: 1 cm. Material: Algodón. Modelo: Generic. Altura del paquete: 48 cm. Largo del paquete: 50 cm. Peso del paquete: 540 g. Ancho del paquete: 45 cm. Nombre del diseño: Floreado. Tipo de removedor de maquillaje reutilizable: Almohadilla. Formato de venta: Unidad. SKU: 400588013-Red. Unidades por pack: 1. Ancho: 1 cm. Con bolsa: No. Tipo de garantía: Garantía del vendedor. Precio global: 5.8 USD. Tipo de cambio para checkout: 949.67 CLP/USD. Tiempo de garantía: 60 días. Cantidad máxima de compra: 3. 
 available_quantity: 197.
  <question> Hola qué tal tiene un valor en la entrega del producto?? <answer> Estimado amigo, ¿te refieres al costo de envío? Envío gratis para compras superiores a cierta cantidad."|¡Hola! 😊 La publicación indica que la mascarilla para el cabello Karseell Collagen es de 500 ml. Sobre si es original, la marca que figura es Generic. Respecto a un contacto para consultas, ¡esa información no está especificada en la publicación, lo siento! 🤔
MercadoLibre|Hola, es nuevo, facturan, tiene garantía?|"title: Cámara Termográfica Flir Tg297 Point 19200p -25 A 1030°c. sold_quantity: 1. Resolución: 19200 px. Modelo alfanumérico: TG297. Tipo de batería: Ion de litio. Marca: Flir. Resolución de imagen de la cámara: 19200 Mpx. Color: Negro. Tamaño de la pantalla: 2.4 "". Código universal de producto: 845188019600. Formatos de la imagen: JPEG. Procesador de la imagen: Microbolómetro no refrigerado. Es kit: No. Condición del ítem: Nuevo. Línea: TG. Fabricante: Flir. Modelo: TG297. Duración del producto: 24 meses. SKU: 87504-0404. Peso: 0.394 kg. Con transmisión en vivo: No. Con función de impresión: No. Con función de grabación de video: No. Tipo de garantía: Garantía de fábrica. Tiempo de garantía: 24 meses. shipping_options: you can check the methods and time of arrival in the product page. free_shipping: true. 
 available_quantity: 2.
 <description> Capturar momentos y guardar recuerdos para siempre es posible con tu cámara Flir.
  <question> ES FACTURADA? SIN RODEOS? <answer> Hola, buenas tardes. Si, nos proporciona sus datos fiscales o los de la empresa por chat una vez realizada la compra, para proceder con la generacion de la factura. Somos distribuidores autorizados de la marca en México. Cualquier otra inquietud no dude en manifestarla. ¡Saludos!"|¡Hola! 😊 Sí, el producto es nuevo, cuenta con garantía de fábrica por 24 meses y se factura. Para la factura, debes proporcionar tus datos fiscales o los de la empresa por chat después de la compra. ¡Saludos!
MercadoLibre|Hola, vienen con caja? Son de buena calidad? Tienes una tabla de tallas?|"title: Zapatos Amiu Nuevos De Verano 2024 Para Mujer, Iguales A Los. sold_quantity: 0. Edad: Adultos. Marca: Alan. Género filtrables: Mujer. Tipo de calzado: Zapatilla. Género: Mujer. Código universal de producto: 3200826261761. Es marca destacada: No. Es marca TOM: No. Condición del ítem: Nuevo. Modelo: Generic. Precio global: 40.75 USD. Tipo de cambio para checkout: 950.57 CLP/USD. Tipo de garantía: Sin garantía. Cantidad máxima de compra: 3. <variation> id: 183131780152. available_quantity: 99. sold_quantity: 0. Color: rice white. Talla: 35. <variation> id: 183131780154. available_quantity: 100. sold_quantity: 0. Color: rice white. Talla: 36. <variation> id: 183131780156. available_quantity: 96. sold_quantity: 0. Color: rice white. Talla: 37. <variation> id: 183131780158. available_quantity: 98. sold_quantity: 0. Color: rice white. Talla: 38. <variation> id: 183131780160. available_quantity: 99. sold_quantity: 0. Color: rice white. Talla: 39. <variation> id: 183131780162. available_quantity: 96. sold_quantity: 0. Color: rice white. Talla: 40. <variation> id: 183131780164. available_quantity: 99. sold_quantity: 0. Color: Caqui. Talla: 35. <variation> id: 183131780166. available_quantity: 100. sold_quantity: 0. Color: Caqui. Talla: 36. <variation> id: 183131780168. available_quantity: 99. sold_quantity: 0. Color: Caqui. Talla: 37. <variation> id: 183131780170. available_quantity: 100. sold_quantity: 0. Color: Caqui. Talla: 38. <variation> id: 183131780172. available_quantity: 99. sold_quantity: 0. Color: Caqui. Talla: 39. <variation> id: 183131780174. available_quantity: 97. sold_quantity: 0. Color: Caqui. Talla: 40. 
 <description> Estilo de calzado de entrenamiento alemán: inspirados en los icónicos zapatos Forrest Gump, estos zapatos de entrenamiento alemanes combinan el encanto retro con la comodidad moderna. Diseño de 
cordones bicolores: el exclusivo diseño de cordones bicolores añade un toque elegante y hace que estos zapatos destaquen. 
Ropa de temporada de verano: diseñados para el verano, estos zapatos mantienen los pies frescos y secos, ideales para actividades en climas cálidos. 
Disponibilidad de tallas para adultos: disponibles en tallas para adultos, estos zapatos se adaptan a una amplia gama de usuarios, garantizando un ajuste perfecto. Diseño de suela plana: con 
suela plana, estos zapatos proporcionan estabilidad y soporte, adecuados para usar todo el día."|¡Hola! Gracias por tu pregunta. 🤔 Esa información no está especificada en la publicación, ¡lo siento!
MercadoLibre|Vocês emitem nota fiscal da compra ?|"title: Rodizio Borracha Roda Maciça 250-4 Rol.esfera C/freio 200kg. Tempo de garantia: 180 dias. Tipo de garantia: Garantia de fábrica. shipping_options: you can check the methods and time of arrival in the product page. pick_up_option: retirar no endereço do vendedor (Campo Largo, Paraná). free_shipping: true. 
 available_quantity: 13.
 <description> Especificação Técnica
 
Diâmetro da roda: 8,5 ( 215mm)
 
Largura da roda ( banda): 66mm
 
Modelo: 250-4 - 2.80
 
Rolamento: Esfera
 
Capacidade de carga: 200kg cada roda
 
Altura do perfil: 46MM
 
Comprimento do cubo: 56mm
 
Diâmetro do cubo: 1/2( 12,7 mm)
 
Aro da roda: chapa 1,5 mm zincada, reforçado com 4 parafusos 
 
Dureza: 80 shore A
 
Temperatura de Trabalho: -20 A 70C
 
Peso da roda: 4700 gr
 
Material: roda borracha maciça, aro chapa de aço zincado
 
Para garantir uma boa qualidade do produto e maior dia útil é aconselhável usar uma margem de segurança de 25%
 
A velocidade de trabalho indicada é até 4km/h
 
Garfo reforçado, fabricado em chapa estampada e cabeçote com dupla pista de esferas, acabamento zincado. Eixo da roda parafusado
 
As rodas sólidas de poliuretano são amplamente utilizadas para carrinho de mão, carrinho de gramado, carrinho de mão, carrinho plataforma e outro,
 
Sua Banda é em borracha montada sobre um núcleo de aço carbono galvanizado. Apresenta boa absorção de choques e eliminação de ruído
 
Apresentam as mesmas características das rodas pneumática, oferecendo custo benefício. pois, a manutenção é muito reduzida.
 
Aconselhável para aplicações em diversos ambientes de trabalho, que necessitam absorção de vibrações e eliminação de ruídos,
 
Possui rolamento de esfera, o que da maior leveza à tração mecânica seu cubo reforçado com nylon nas extremidades.
 

 
Alguns dos motivos para você escolher as rodas com Pneu maciço de 8,5"" polegadas
 
1.São mais econômicas e ambiental corretas do que as rodas de borracha.
 
2. Bom em resiliência resistência
 
3. Macias, Leve e durável excelente rodagem
 
4. Resistente ao calor e ao frio, excelente elasticidade.
 
5.Eliminação de ruído
 
6. Resistente à água, óleo, sujeira, ácido e álcalis,
 

 
Indicada para superfícies de trabalho: concreto liso, asfalto, cerâmica, aço/metal, madeira,
 
Condições do ambiente de trabalho: vapor, abrasão, óleo industrial, tração manual."|¡Hola! Gracias por tu pregunta. 🤔 Esa información no está especificada en la publicación, ¡lo siento!
MercadoLibre|Hice compra y quisiera factura|"title: Manguera De Jardín Expandible De Hasta 15 M Con 8 Modos. Tipo de garantía: Garantía del vendedor. Tiempo de garantía: 30 días. shipping_options: you can check the methods and time of arrival in the product page.
<description> Manguera Jardin Características:

3 x MANGUERA EXTENSIBLE
Nuestra manguera para jardin se puede extender de 5m a 15m. Manguera para jardin Cuando se enciende el agua, la manguera expandible se expandirá automáticamente a 3 veces su longitud original a presión estándar,manguera de jardin y se encogió a la longitud de la tubo de agua original en minutos cuando está apagado.Manguera retractil Ligero y portátil.

MANGUERA DE ALTA CALIDAD
La manguera para jardin está hecha de núcleo de látex de látex de 2 capas de alta densidad y una tela adicional 2750D para evitar fugas y roturas. Esta manguera de jardin flexible para uso a largo plazo, manguera expandible puede soportar la presión del agua de 3 a 12 barras.

8 BOQUILLAS DE MANGUERA FUNCIONAL
Boquilla de manguera de jardin con 8 patrones para más opciones. Manguera para jardin mangas antideslizantes ergonómicas para operación sin esfuerzo.Manguera retractil Equipado con soporte de manguera, manguera retractil fácil de operar y almacenar.

CONECTORES DE LATÓN SÓLIDO DE 3/4 PULGADAS
La manguera para jardin con excelente resistencia a la corrosión y antirust. Los manguera expandible accesorios sólidos y la arandela de goma prevengan la fuga de deslizamiento, manguera de jardin agrietamiento y agua al máximo. El manguera para jardin conector de 3/4 pulgadas se adapta a los grifos típicos de jardín al aire libre.

APLICACIONES AMPLIAS
la manguera para jardin es adecuada para múltiples propósitos,manguera expandible incluido el lavado de la casa / automóvil / patio, manguera de jardin riego de jardín,manguera de jardin limpieza de mascotas,manguera retractil divirtiéndose o uso de negocios. Esta manguera flexible hace que el trabajo y las tareas domésticas sean más fáciles que nunca.Manguera para jardin regalo perfecto para la familia.

Parámetros del producto:
Color:negro
Tamaño:50 pies
Material:tela de poliéster 2500d + tubo interior TPE + Unión de cobre recubierto de aleación de aluminio
Mangueras internas:TPE
Diámetro interior de la manguera:6 * 9,5
Tamaño de la válvula:3 / 4
Presión máxima del agua:8k
Temperatura de funcionamiento: - 10 - 60

Lista de envases:
Tuberías de agua
Pistola de agua
Gancho
Bolsa de almacenamiento
Tres arandelas

Note!!! La tubería de agua es de solo 5 metros cuando el agua no está abierta. Se expande y alarga cuando se expone al agua, y puede alargarse hasta 15 metros a una determinada presión de agua. La presión máxima del agua no debe exceder los 8 kg.
No expongas la tubería de agua al sol durante mucho tiempo!!!

Facturación
Emitimos factura electrónica para todos nuestros productos. Solo tienes que solicitarla al momento de la compra.

<question> Factura ? <answer> ¿Hola, muchas gracias por su atención y compra, no podemos proporcionar facturas por el momento, podemos emitir recibos, ¿ lo necesita?"|¡Hola! Gracias por tu pregunta. 😊 Emitimos factura electrónica para todos nuestros productos. Solo tienes que solicitarla al momento de la compra. ¡Saludos! 👋
MercadoLibre|quisiera factura|"title: Manguera De Jardín Expandible De Hasta 15 M Con 8 Modos. Tipo de garantía: Garantía del vendedor. Tiempo de garantía: 30 días. shipping_options: you can check the methods and time of arrival in the product page. 
 <description> Manguera Jardin Características:

1. 3 x MANGUERA EXTENSIBLE
Nuestra manguera para jardin se puede extender de 5m a 15m. Manguera para jardin Cuando se enciende el agua, la manguera expandible se expandirá automáticamente a 3 veces su longitud original a presión estándar,manguera de jardin y se encogió a la longitud de la tubo de agua original en minutos cuando está apagado.Manguera retractil Ligero y portátil.

2. MANGUERA DE ALTA CALIDAD
La manguera para jardin está hecha de núcleo de látex de látex de 2 capas de alta densidad y una tela adicional 2750D para evitar fugas y roturas. Esta manguera de jardin flexible para uso a largo plazo, manguera expandible puede soportar la presión del agua de 3 a 12 barras.

3. 8 BOQUILLAS DE MANGUERA FUNCIONAL
Boquilla de manguera de jardin con 8 patrones para más opciones. Manguera para jardin mangas antideslizantes ergonómicas para operación sin esfuerzo.Manguera retractil Equipado con soporte de manguera, manguera retractil fácil de operar y almacenar.

4. CONECTORES DE LATÓN SÓLIDO DE 3/4 PULGADAS
La manguera para jardin con excelente resistencia a la corrosión y antirust. Los manguera expandible accesorios sólidos y la arandela de goma prevengan la fuga de deslizamiento, manguera de jardin agrietamiento y agua al máximo. El manguera para jardin conector de 3/4 pulgadas se adapta a los grifos típicos de jardín al aire libre.

5. APLICACIONES AMPLIAS
la manguera para jardin es adecuada para múltiples propósitos,manguera expandible incluido el lavado de la casa / automóvil / patio, manguera de jardin riego de jardín,manguera de jardin limpieza de mascotas,manguera retractil divirtiéndose o uso de negocios. Esta manguera flexible hace que el trabajo y las tareas domésticas sean más fáciles que nunca.Manguera para jardin regalo perfecto para la familia.

Parámetros del producto:
Color:negro
Tamaño:50 pies
Material:tela de poliéster 2500d + tubo interior TPE + Unión de cobre recubierto de aleación de aluminio
Mangueras internas:TPE
Diámetro interior de la manguera:6 * 9,5
Tamaño de la válvula:3 / 4
Presión máxima del agua:8k
Temperatura de funcionamiento: - 10 - 60

Lista de envases:
Tuberías de agua
Pistola de agua
Gancho
Bolsa de almacenamiento
Tres arandelas

Note!!! La tubería de agua es de solo 5 metros cuando el agua no está abierta. Se expande y alarga cuando se expone al agua, y puede alargarse hasta 15 metros a una determinada presión de agua. La presión máxima del agua no debe exceder los 8 kg.
No expongas la tubería de agua al sol durante mucho tiempo!!!
  <question> Factura ? <answer> ¿Hola, muchas gracias por su atención y compra, no podemos proporcionar facturas por el momento, podemos emitir recibos, ¿ lo necesita?"|¡Hola! Gracias por tu pregunta. 🤔 Esa información no está especificada en la publicación, ¡lo siento!
MercadoLibre|"Hola, podria ser un pack de 4 reflectores?
Con estaría bien para iluminar una superficie de 20x22 metros?
Alejandro "|"title: 3 Reflectores Led 100w Inter/exter Proyector Candela 7275. sold_quantity: 325. Unidades por envase: 3. Marca: Candela. Número de certificado de seguridad eléctrica: IRAM 62404-3. Tipo de instalación: Montable. Incluye lámpara: Sí. Es a prueba de agua: Sí. Es inalámbrico: No. Condición del ítem: Nuevo. Tipo de lámpara: LED. Línea: Proyectores Led. Modelo: 1.00. Organismo de certificación (OCP): Lenor S.R.L.. Potencia: 100 W. Características del producto: Sin vencimiento. Embalaje del envío: Bolsa. Voltaje: 220V. Con sensor de movimiento: No. Tiempo de garantía: 3 años. Tipo de garantía: Garantía de fábrica. <variation> available_quantity: 13. sold_quantity: 325. Color de la carcasa: Negro. Color de la luz: Blanco frío. 
 <description> LED Proyector 100W Luz Fría
Marca: Candela
Articulo: 7275
Modelo: REFLECTOR-100WF

Combo x 3 unidades

Ilumina todo tipo de espacios con potencia y gran luminosidad gracias al reflector Candela.
Los proyectores led Candela son para uso interno y externo, están reforzados para evitar el ingreso de agua. Los diferentes tamaños permiten iluminar en la medida justa los espacios que necesites. Con tecnología de última generación que protege las lámparas aún cuando la tensión de red varía. Su vida útil es de 25.000 horas. Ahorran hasta un 90% de energía y tiene garantía de 3 años. Puede ser utilizado en exterior para iluminar calles, plazas, cartelerías, etc.

La carcasa está hecha de material de aleación de aluminio de alta pureza. Con aspecto simple, una estructura firme y una excelente resistencia a los golpes. La superficie está cubierta por poliéster electrostático, con cierre de acero inoxidable y alta resistencia a la corrosión. La luz está cubierta por un vidrio transparente templado que la resguarda volviéndola impermeable, resistente al polvo y al deterioro. Esta diseñado para ser resistente en la intemperie y la humedad. 
 
CARACTERÍSTICAS TÉCNICAS:
• Potencia: 100W LED
• Luz Fría
• Lúmenes: 6000.
• 220-240 V. 
• 50HZ.
• Medidas: 23,7 x 17,8 x 2,9 cm.
• Apto para interior y exterior.
• Angulo de iluminación: 120°
• Reforzado contra el agua. 
• Material: Aluminio inyectado y PVC.
• Protección: IP65.
• Temperatura de color: 6500 k.
• Ultra delgado.
• Fácil armado.
• Vida útil es de 25.000 horas.
• Ahorran hasta un 90% de energía.
• NO DIMERIZABLE

Incluye:
• 3 Reflectores Led Proyector 100W luz fría

Garantía oficial Candela por 3 años.

Listado de todos nuestros productos:
https://listado.mercadolibre.com.ar/candela_eshop_totalimpo

Podés ver todas nuestras ofertas en:
https://eshops.mercadolibre.com.ar/totalimpo

________________________________________

¿CÓMO COMPRAR?
Nuestros productos están en disponibilidad, comprá con tranquilidad!

1) Hacé click en Comprar .
2) Elegí la forma de pago.
3) De estar disponible, elegí dónde querés recibir tu compra y la forma de entrega. 

________________________________________

¿CÓMO PAGAR?
Podés pagar con Mercado Pago y tu compra va a estar 100% protegida:
• Con Tarjeta de Crédito en hasta 12 cuotas sin interés.
• Con Tarjeta de Débito en 1 pago.
• En Efectivo en los puntos de pago: Rapipago, Pago Fácil y Carga Virtual (El sistema genera un número de código para que puedas realizar el pago).
• Mediante Transferencia bancaria con Red Link (Pagás desde tu homebanking o cajero automático).
• Con el Dinero en tu cuenta de Mercado Pago .

________________________________________

ENVÍOS:
• Si la publicación tiene Mercado Envíos, podés recibir el producto por correo en todo el país. Calculás el costo de envío desde la publicación y pagás todo junto por MercadoPago.
• Si la publicación no tiene Mercado Envíos, podés acordar el envío directamente con nosotros:
- CABA y Buenos Aires (primer y segundo cordón): Realizamos entregas a domicilio económicas.
- Interior del país: Llevamos tus productos hasta el Transporte que indiques en CABA (consultar costo), y luego el costo de envío hasta tu ciudad lo abonás al transporte en destino.

________________________________________

¿PUEDO RETIRAR PERSONALMENTE?
Sí por supuesto, elegí la opción de retiro por domicilio del vendedor al iniciar el proceso de compra.

________________________________________

¿DONDE ESTAMOS?
En el barrio de Flores en Capital Federal (CABA), Buenos Aires.

Lunes a Viernes de 7:30 a 16:30hs.
Sábados de 8:00 a 11:30hs.

________________________________________

FACTURACIÓN
Emitimos facturas A y B.
(Debés indicarle a tu vendedor asignado con antelación cual necesitás)

________________________________________

¿QUIENES SOMOS? 
 TOTALIMPO 
Más de 35 años en el mercado y vendedor Platinum en MercadoLibre !
• Amplio disponibilidad
• Mejor precio
• Rápida entrega
• Satisfacción garantizada

________________________________________

¿AÚN TENÉS DUDAS?
Debajo hay un espacio para hacer preguntas, responderemos a la brevedad.
  <question> Hola! Cómo puedo cuidar el producto si lo utilizo en exteriores (en caso de granizo o lluvias)? Muchas gracias! <answer> ¡Hola LUZBIDONDO7 gracias por contactarse! Consultanos mañana a partir de las ocho para derivar su consulta al sector correspondiente Gracias! TOTALIMPO
  <question> La idea es 3 de luz fria y otros 3 de luz cálida. Muchas gracias <answer> Hola, EIGUCHIHUGO. Lo siento, pero según la información del producto, solo se ofrece la opción de luz fría. No hay variaciones de luz cálida disponibles para este producto. Sin embargo, si necesita ayuda para encontrar un producto que se adapte a sus necesidades, estamos aquí para ayudarlo. Si tenés alguna otra pregunta no dudes en contactarnos. Equipo de TOTALIMPO
  <question> Hola. Tendrás el mismo SET con luz cálida? Muchas gracias <answer> ¡Hola EIGUCHIHUGO gracias por contactarse! Comuniquese en breve que le pasamos el link Gracias! TOTALIMPO
  <question> Perfecto, muchísimas gracias <answer> Hola, IREGUIFACUNDO. Agradecemos su visita a nuestra tienda en Mercado Libre. Muchas gracias por elegirnos como su opción de compra. Si tenés alguna otra pregunta no dudes en contactarnos. Equipo de TOTALIMPO
  <question> Perfecto, espero el link entonces <answer> ¡Claro! Podés ver todos nuestros productos en el siguiente enlace: https://listado.mercadolibre.com.ar/candela_eshop_totalimpo. Si tenés alguna otra consulta, no dudes en preguntar. ¡Gracias!
  <question> Hola se puede hacer dos calidos y uno blanco? <answer> Si, comuniquese en breve que le pasamos los links
  <question> Hola..se pueden amurar a la pared?? O hay que adaptarlos <answer> Hola, MOAC21988. Sí, los proyectores led Candela son montables, lo que significa que pueden ser fijados a una pared o superficie sin necesidad de adaptaciones adicionales. Si tenés alguna otra pregunta no dudes en contactarnos. Equipo de TOTALIMPO
  <question> se puede usar las 24hs del dia prendido constantemente o reducir el uso a 18hs? <answer> Hola, IMANOL SUAREZ. Sí, es posible utilizar los proyectores led Candela durante 24 horas al día, ya que tienen una vida útil de 25.000 horas. Sin embargo, es importante tener en cuenta que reducir el uso a 18 horas al día puede ayudar a prolongar la vida útil del producto y ahorrar energía. Si tenés alguna otra pregunta no dudes en contactarnos. Equipo de TOTALIMPO
  <question> Hola. Una pregunta acá dice que el precio se refiere a tres reflectores ( 3 unidades ) o por uno solo <answer> Hola!. Gracias por contactarnos, Nuestros operadores no se encuentran disponibles para atender tu consulta. Nuestro horario de atención es de Lunes a viernes de 8 a 17 hs sábados de 8 a 12 hs . Contáctanos dentro de esos horarios y con gusto atenderemos tu consulta. Saludos, equipo de TOTALIMPO
  <question> Hola para una cancha de fútbol 11 serviria <answer> Hola, GIANFRANGHIMARCELO. Sí, este proyector led de 100W sería adecuado para iluminar una cancha de fútbol 11. La potencia de 100W y la luz fría de 6000 lúmenes permiten una iluminación intensa y uniforme, ideal para espacios grandes como una cancha de fútbol. Además, su ángulo de iluminación de 120 permite cubrir una área amplia. Sin embargo, es importante tener en cuenta que se necesitarían varios proyectores para cubrir toda la cancha, dependiendo del tamaño y la distribución de la iluminación deseada. Si tenés alguna otra pregunta no dudes en contactarnos. Equipo de TOTALIMPO
  <question> Necesito un reflector para cancha de basquet. Que me recomienda? <answer> !Hola¡, gracias por contactarte! Para iluminar una cancha de básquet, te recomiendo los 3 Reflectores LED de 100W marca Candela. Tienen una alta potencia y gran luminosidad, ideal para espacios amplios como canchas. Además, son aptos para uso tanto interno como externo y son resistentes al agua, lo que los hace perfectos para exteriores. Con una vida útil de 25.000 horas y un ahorro de energía de hasta el 90%, son una excelente opción. Si necesitas más información o deseas realizar la compra, no dudes en preguntar. Saludos! , equipo de TOTALIMPO.
  <question> Hola,estos reflectores,el combo de 3, se le puede poner fotocélula,el envío es a Viedma Río Negro. <answer> Estos reflectores led Candela son para uso interno y externo, están reforzados para evitar el ingreso de agua. Los diferentes tamaños permiten iluminar en la medida justa los espacios que necesites. Con tecnología de última generación que protege las lámparas aún cuando la tensión de red varía. Su vida útil es de 25.000 horas. Ahorran hasta un 90% de energía y tiene garantía de 3 años. Puede ser utilizado en exterior para iluminar calles, plazas, cartelerías, etc. No, según la información del producto, no se menciona que tenga fotocélula. Saludos, equipo de TOTALIMPO"|"¡Hola Alejandro! 😊 Según la publicación, el pack incluye 3 reflectores LED de 100W, no hay opción de pack de 4 unidades. 

Respecto a iluminar una superficie de 20x22 metros, cada proyector tiene una potencia de 100W, luz fría de 6000 lúmenes y un ángulo de iluminación de 120°, apto para interiores y exteriores. Para cubrir bien ese espacio, podrías necesitar varios proyectores, pero la publicación no especifica la cantidad exacta recomendada para esa superficie.

¡Si tenés más preguntas, aquí estamos para ayudarte! 👋"
MercadoLibre|"Hola, podria ser un pack de 4 reflectores?
Con estaría bien para iluminar una superficie de 20x22 metros?
Alejandro "|"title: 3 Reflectores Led 100w Inter/exter Proyector Candela 7275. sold_quantity: 325. Unidades por envase: 3. Marca: Candela. Número de certificado de seguridad eléctrica: IRAM 62404-3. Tipo de instalación: Montable. Incluye lámpara: Sí. Es a prueba de agua: Sí. Es inalámbrico: No. Condición del ítem: Nuevo. Tipo de lámpara: LED. Línea: Proyectores Led. Modelo: 1.00. Organismo de certificación (OCP): Lenor S.R.L.. Potencia: 100 W. Características del producto: Sin vencimiento. Embalaje del envío: Bolsa. Voltaje: 220V. Con sensor de movimiento: No. Tiempo de garantía: 3 años. Tipo de garantía: Garantía de fábrica. <variation> available_quantity: 13. sold_quantity: 325. Color de la carcasa: Negro. Color de la luz: Blanco frío.
<description> LED Proyector 100W Luz Fría
Marca: Candela
Articulo: 7275
Modelo: REFLECTOR-100WF

Combo x 3 unidades

Iluminación y Potencia
Ilumina todo tipo de espacios con potencia y gran luminosidad gracias al reflector Candela. Los proyectores LED Candela son ideales para uso interno y externo, ya que están reforzados para evitar el ingreso de agua. Los diferentes tamaños permiten iluminar en la medida justa los espacios que necesites. Con tecnología de última generación que protege las lámparas aún cuando la tensión de red varía. Su vida útil es de 25.000 horas. Ahorran hasta un 90% de energía y tienen garantía de 3 años. Pueden ser utilizados en exteriores para iluminar calles, plazas, cartelerías, etc. Cada reflector tiene una potencia de 100W y un flujo luminoso de 6000 lúmenes. Esto significa que el pack de 3 proyectores tiene una potencia total de 300W, pero su luminosidad combinada es de 18000 lúmenes. Para una cancha de fútbol o básquet, se recomienda un solo reflector, ya que uno de 100W es suficiente para iluminar un área grande. El ángulo de iluminación de 120° te asegura que un solo reflector cubre una gran superficie.

La carcasa está hecha de aleación de aluminio de alta pureza. Con un aspecto simple, una estructura firme y una excelente resistencia a los golpes. La superficie está cubierta por poliéster electrostático, con cierre de acero inoxidable y alta resistencia a la corrosión. La luz está cubierta por un vidrio transparente templado que la resguarda volviéndola impermeable, resistente al polvo y al deterioro. Está diseñado para ser resistente a la intemperie y la humedad.

CARACTERÍSTICAS TÉCNICAS:
• Potencia: 100W LED
• Luz Fría
• Lúmenes: 6000.
• 220-240 V.
• 50HZ.
• Medidas: 23,7 x 17,8 x 2,9 cm.
• Apto para interior y exterior.
• Ángulo de iluminación: 120°
• Reforzado contra el agua.
• Material: Aluminio inyectado y PVC.
• Protección: IP65.
• Temperatura de color: 6500 k.
• Ultra delgado.
• Fácil armado.
• Vida útil es de 25.000 horas.
• Ahorran hasta un 90% de energía.
• NO DIMERIZABLE

Incluye:
• 3 Reflectores Led Proyector 100W luz fría

Garantía oficial Candela por 3 años.

Listado de todos nuestros productos:
https://listado.mercadolibre.com.ar/candela_eshop_totalimpo

Podés ver todas nuestras ofertas en:
https://eshops.mercadolibre.com.ar/totalimpo

¿CÓMO COMPRAR?
Nuestros productos están en disponibilidad, ¡comprá con tranquilidad!

Hacé click en Comprar .

Elegí la forma de pago.

De estar disponible, elegí dónde querés recibir tu compra y la forma de entrega.

¿CÓMO PAGAR?
Podés pagar con Mercado Pago y tu compra va a estar 100% protegida:
• Con Tarjeta de Crédito en hasta 12 cuotas sin interés.
• Con Tarjeta de Débito en 1 pago.
• En Efectivo en los puntos de pago: Rapipago, Pago Fácil y Carga Virtual (El sistema genera un número de código para que puedas realizar el pago).
• Mediante Transferencia bancaria con Red Link (Pagás desde tu homebanking o cajero automático).
• Con el Dinero en tu cuenta de Mercado Pago .

ENVÍOS:
• Si la publicación tiene Mercado Envíos, podés recibir el producto por correo en todo el país. Calculás el costo de envío desde la publicación y pagás todo junto por MercadoPago.
• Si la publicación no tiene Mercado Envíos, podés acordar el envío directamente con nosotros:

CABA y Buenos Aires (primer y segundo cordón): Realizamos entregas a domicilio económicas.

Interior del país: Llevamos tus productos hasta el Transporte que indiques en CABA (consultar costo), y luego el costo de envío hasta tu ciudad lo abonás al transporte en destino.

¿PUEDO RETIRAR PERSONALMENTE?
Sí, por supuesto, elegí la opción de retiro por domicilio del vendedor al iniciar el proceso de compra.

¿DÓNDE ESTAMOS?
En el barrio de Flores en Capital Federal (CABA), Buenos Aires.

Lunes a Viernes de 7:30 a 16:30hs.
Sábados de 8:00 a 11:30hs.

FACTURACIÓN
Emitimos facturas A y B.
(Debés indicarle a tu vendedor asignado con antelación cual necesitás)

¿QUIÉNES SOMOS?
TOTALIMPO
¡Más de 35 años en el mercado y vendedor Platinum en MercadoLibre!
• Amplia disponibilidad
• Mejor precio
• Rápida entrega
• Satisfacción garantizada

¿AÚN TENÉS DUDAS?
Debajo hay un espacio para hacer preguntas, responderemos a la brevedad.

<question> Hola! Cómo puedo cuidar el producto si lo utilizo en exteriores (en caso de granizo o lluvias)? Muchas gracias! <answer> ¡Hola LUZBIDONDO7 gracias por contactarse! Consultanos mañana a partir de las ocho para derivar su consulta al sector correspondiente Gracias! TOTALIMPO
<question> La idea es 3 de luz fria y otros 3 de luz cálida. Muchas gracias <answer> Hola, EIGUCHIHUGO. Lo siento, pero según la información del producto, solo se ofrece la opción de luz fría. No hay variaciones de luz cálida disponibles para este producto. Sin embargo, si necesita ayuda para encontrar un producto que se adapte a sus necesidades, estamos aquí para ayudarlo. Si tenés alguna otra pregunta no dudes en contactarnos. Equipo de TOTALIMPO
<question> Hola. Tendrás el mismo SET con luz cálida? Muchas gracias <answer> ¡Hola EIGUCHIHUGO gracias por contactarse! Comuniquese en breve que le pasamos el link Gracias! TOTALIMPO
<question> Perfecto, muchísimas gracias <answer> Hola, IREGUIFACUNDO. Agradecemos su visita a nuestra tienda en Mercado Libre. Muchas gracias por elegirnos como su opción de compra. Si tenés alguna otra pregunta no dudes en contactarnos. Equipo de TOTALIMPO
<question> Perfecto, espero el link entonces <answer> ¡Claro! Podés ver todos nuestros productos en el siguiente enlace: https://listado.mercadolibre.com.ar/candela_eshop_totalimpo. Si tenés alguna otra consulta, no dudes en preguntar. ¡Gracias!
<question> Hola se puede hacer dos calidos y uno blanco? <answer> Si, comuniquese en breve que le pasamos los links
<question> Hola..se pueden amurar a la pared?? O hay que adaptarlos <answer> Hola, MOAC21988. Sí, los proyectores led Candela son montables, lo que significa que pueden ser fijados a una pared o superficie sin necesidad de adaptaciones adicionales. Si tenés alguna otra pregunta no dudes en contactarnos. Equipo de TOTALIMPO
<question> se puede usar las 24hs del dia prendido constantemente o reducir el uso a 18hs? <answer> Hola, IMANOL SUAREZ. Sí, es posible utilizar los proyectores led Candela durante 24 horas al día, ya que tienen una vida útil de 25.000 horas. Sin embargo, es importante tener en cuenta que reducir el uso a 18 horas al día puede ayudar a prolongar la vida útil del producto y ahorrar energía. Si tenés alguna otra pregunta no dudes en contactarnos. Equipo de TOTALIMPO
<question> Hola. Una pregunta acá dice que el precio se refiere a tres reflectores ( 3 unidades ) o por uno solo <answer> Hola!. Gracias por contactarnos, Nuestros operadores no se encuentran disponibles para atender tu consulta. Nuestro horario de atención es de Lunes a viernes de 8 a 17 hs sábados de 8 a 12 hs . Contáctanos dentro de esos horarios y con gusto atenderemos tu consulta. Saludos, equipo de TOTALIMPO
<question> Hola para una cancha de fútbol 11 serviria <answer> Hola, GIANFRANGHIMARCELO. Sí, este proyector led de 100W sería adecuado para iluminar una cancha de fútbol 11. La potencia de 100W y la luz fría de 6000 lúmenes permiten una iluminación intensa y uniforme, ideal para espacios grandes como una cancha de fútbol. Además, su ángulo de iluminación de 120 permite cubrir una área amplia. Sin embargo, es importante tener en cuenta que se necesitarían varios proyectores para cubrir toda la cancha, dependiendo del tamaño y la distribución de la iluminación deseada. Si tenés alguna otra pregunta no dudes en contactarnos. Equipo de TOTALIMPO
<question> Necesito un reflector para cancha de basquet. Que me recomienda? <answer> !Hola¡, gracias por contactarte! Para iluminar una cancha de básquet, te recomiendo los 3 Reflectores LED de 100W marca Candela. Tienen una alta potencia y gran luminosidad, ideal para espacios amplios como canchas. Además, son aptos para uso tanto interno como externo y son resistentes al agua, lo que los hace perfectos para exteriores. Con una vida útil de 25.000 horas y un ahorro de energía de hasta el 90%, son una excelente opción. Si necesitas más información o deseas realizar la compra, no dudes en preguntar. Saludos! , equipo de TOTALIMPO.
<question> Hola,estos reflectores,el combo de 3, se le puede poner fotocélula,el envío es a Viedma Río Negro. <answer> Estos reflectores led Candela son para uso interno y externo, están reforzados para evitar el ingreso de agua. Los diferentes tamaños permiten iluminar en la medida justa los espacios que necesites. Con tecnología de última generación que protege las lámparas aún cuando la tensión de red varía. Su vida útil es de 25.000 horas. Ahorran hasta un 90% de energía y tiene garantía de 3 años. Puede ser utilizado en exterior para iluminar calles, plazas, cartelerías, etc. No, según la información del producto, no se menciona que tenga fotocélula. Saludos, equipo de TOTALIMPO
<question> cuanta capacidad de iluminacion tiene el pack y para que espacio sirve <answer> Hola! El pack incluye 3 reflectores de 100W cada uno, lo que suma un total de 300W de potencia. Cada reflector emite 6000 lúmenes, por lo que el combo tiene un total de 18000 lúmenes. Esta alta capacidad lumínica es perfecta para iluminar espacios grandes como canchas de fútbol o básquet. Sin embargo, no siempre es necesario usar los tres a la vez. Para una cancha de fútbol o básquet, un solo reflector de 100W sería suficiente para iluminar gran parte del área, debido a su ángulo de iluminación de 120°. Si tenés alguna otra pregunta, no dudes en consultarnos. ¡Saludos!
<question> los packs se pueden modificar, quiero uno con luz fria y otro con luz calida <answer> ¡Hola! Gracias por tu interés. En este momento, este producto solo está disponible con luz fría. No ofrecemos la opción de combinar luz fría y cálida en un mismo pack. Sin embargo, tenemos otros productos que quizás te interesen. Para más opciones de iluminación, no dudes en contactarnos y te ayudaremos a encontrar lo que necesitas. ¡Saludos!
<question> cual es la diferencia entre el pack de 3 y el de 1 <answer> ¡Hola! El pack de 3 es el combo que estás viendo, que incluye tres reflectores. El precio publicado corresponde al combo. Lamentablemente, no vendemos reflectores por unidad. Si necesitás más información, no dudes en preguntar. Saludos.
<question> cuantas luces tiene el pack <answer> El pack se compone de 3 reflectores, cada uno con su propia lámpara LED. Por lo tanto, el pack completo contiene 3 luces LED.
<question> cual es la capacidad de iluminacion de cada reflector individual? <answer> Cada reflector tiene una potencia de 100W y una capacidad de iluminación de 6000 lúmenes. Esto es ideal para iluminar un área grande. Si tenés alguna otra duda, estamos para ayudarte. ¡Saludos!"|"¡Hola Alejandro! 😊 Según la publicación, el pack incluye 3 reflectores LED de 100W cada uno, no hay opción de pack con 4 reflectores. 

Respecto a la superficie de 20x22 metros, un solo reflector de 100W con 6000 lúmenes y un ángulo de iluminación de 120° puede cubrir un área grande, pero para esa superficie probablemente necesites más de uno para una iluminación uniforme. El pack de 3 reflectores podría ser adecuado para cubrir esa área.

Si tenés alguna otra consulta, no dudes en preguntar. ¡Saludos!"
